{"cameraMode":{"drawMode":0,"name":"Shaded","section":"Shading Mode"},"sceneLighting":true,"audioPlay":false,"sceneViewState":{"m_AlwaysRefresh":false,"showFog":true,"showSkybox":true,"showFlares":true,"showImageEffects":true,"showParticleSystems":true,"showVisualEffectGraphs":true,"m_FxEnabled":true},"in2DMode":false,"pivot":{"x":-0.19982396066188813,"y":-3.781373977661133,"z":3.5146842002868654},"rotation":{"x":-0.3873996436595917,"y":0.0005501924897544086,"z":-0.00023120695550460368,"w":-0.9219114184379578},"size":7.367690563201904,"orthographic":false}